Pk-Kraze,~
iriseevee,&
ransei,&
TACOS GO RAWR,+
BT Can't Get Burns,+
Example1203,~
Katheyisme123,+
Queen Emma,&
Dragotic,�
Conbeef,�
Robo Phill,�
Alpha Ninja,&
Natm,@
Jellal,~
00Nyxa,@
00Shadow,@
Legacy Enervate,@
UltimateSenpai,+
Vvva,@
Anything Goes,%
Shadowfire Bot,@
NoivernX70,&
NoivernX60,&
nerderator,~
TheDeathStorm,+
firebreathingyoshi,+
hypershaymin,$
GamingNoah,@
Gabriell12pb,+
burningblazer,%
Myst Tsubasa,@
Mafia Vvva,+
example'sbank,+
Darkero,&
Hm Soroush,+
Vintro,&
Relicanth Ghost,+
Kyоgrе,+
Legacy Prof Kraze,~
sundar18,~
key7,@
GTX Tsubasa,@
SteelChar,~
Eevee blitzel,@
Breeze Kohana,+
knight char,~
Phoenix Meteor,+
CLawliet,+
